{
  "productData": [
    {
      "id": 1,
      "productName": "MOTO G5",
      "quantity": "3",
      "price": "50,000"
    },
    {
      "id": 2,
      "productName": "APPLE MAC",
      "quantity": "2",
      "price": "1,50,000"
    },
    {
      "id": 3,
      "productName": "DELL Inspiron",
      "quantity": "4",
      "price": "1,30,000"
    },
    {
      "id": 4,
      "productName": "HP Laptop",
      "quantity": "6",
      "price": "2,30,000"
    },
    {
      "id": 5,
      "productName": "ACER Laptop",
      "quantity": "6",
      "price": "1,23,000"
    },
    {
      "id": 6,
      "productName": "Lenavo Laptop",
      "quantity": 2,
      "price": 66500
    },
    {
      "productName": "HP Printer",
      "quantity": 2,
      "price": 120200,
      "id": 7
    },
    {
      "productName": "HP Laserjet Pro M1136 Laser Printer",
      "quantity": 2,
      "price": 33600,
      "id": 8
    }
  ]
}